date,location,population,new_cases,total_cases,new_deaths,total_deaths,people_fully_vaccinated,vaccine_coverage_pct,daily_cfr_pct,cumulative_cfr_pct,daily_vaccination_velocity
2020-01-24,Malaysia,32365998,,,,,,,,,
2020-01-25,Malaysia,32365998,3,3,,,,,,,
2020-01-26,Malaysia,32365998,1,4,,,,,,,
2020-01-27,Malaysia,32365998,0,4,,,,,,,
2020-01-28,Malaysia,32365998,0,4,,,,,,,
2020-01-29,Malaysia,32365998,3,7,,,,,,,
2020-01-30,Malaysia,32365998,1,8,,,,,,,
2020-01-31,Malaysia,32365998,0,8,,,,,,,
2020-02-01,Malaysia,32365998,0,8,,,,,,,
2020-02-02,Malaysia,32365998,0,8,,,,,,,
2020-02-03,Malaysia,32365998,0,8,,,,,,,
2020-02-04,Malaysia,32365998,2,10,,,,,,,
2020-02-05,Malaysia,32365998,2,12,,,,,,,
2020-02-06,Malaysia,32365998,0,12,,,,,,,
2020-02-07,Malaysia,32365998,0,12,,,,,,,
2020-02-08,Malaysia,32365998,4,16,,,,,,,
2020-02-09,Malaysia,32365998,0,16,,,,,,,
2020-02-10,Malaysia,32365998,2,18,,,,,,,
2020-02-11,Malaysia,32365998,0,18,,,,,,,
2020-02-12,Malaysia,32365998,0,18,,,,,,,
2020-02-13,Malaysia,32365998,1,19,,,,,,,
2020-02-14,Malaysia,32365998,0,19,,,,,,,
2020-02-15,Malaysia,32365998,3,22,,,,,,,
2020-02-16,Malaysia,32365998,0,22,,,,,,,
2020-02-17,Malaysia,32365998,0,22,,,,,,,
2020-02-18,Malaysia,32365998,0,22,,,,,,,
2020-02-19,Malaysia,32365998,0,22,,,,,,,
2020-02-20,Malaysia,32365998,0,22,,,,,,,
2020-02-21,Malaysia,32365998,0,22,,,,,,,
2020-02-22,Malaysia,32365998,0,22,,,,,,,
2020-02-23,Malaysia,32365998,0,22,,,,,,,
2020-02-24,Malaysia,32365998,0,22,,,,,,,
2020-02-25,Malaysia,32365998,0,22,,,,,,,
2020-02-26,Malaysia,32365998,0,22,,,,,,,
2020-02-27,Malaysia,32365998,1,23,,,,,,,
2020-02-28,Malaysia,32365998,0,23,,,,,,,
2020-02-29,Malaysia,32365998,2,25,,,,,,,
2020-03-01,Malaysia,32365998,4,29,,,,,,,
2020-03-02,Malaysia,32365998,0,29,,,,,,,
2020-03-03,Malaysia,32365998,7,36,,,,,,,
2020-03-04,Malaysia,32365998,14,50,,,,,,,
2020-03-05,Malaysia,32365998,0,50,,,,,,,
2020-03-06,Malaysia,32365998,33,83,,,,,,,
2020-03-07,Malaysia,32365998,10,93,,,,,,,
2020-03-08,Malaysia,32365998,6,99,,,,,,,
2020-03-09,Malaysia,32365998,18,117,,,,,,,
2020-03-10,Malaysia,32365998,12,129,,,,,,,
2020-03-11,Malaysia,32365998,20,149,,,,,,,
2020-03-12,Malaysia,32365998,0,149,,,,,,,
2020-03-13,Malaysia,32365998,48,197,,,,,,,
2020-03-14,Malaysia,32365998,41,238,,,,,,,
2020-03-15,Malaysia,32365998,190,428,,,,,,,
2020-03-16,Malaysia,32365998,138,566,,,,,,,
2020-03-17,Malaysia,32365998,107,673,2,2,,,1.8691588785046727,0.29717682020802377,
2020-03-18,Malaysia,32365998,117,790,0,2,,,0.0,0.25316455696202533,
2020-03-19,Malaysia,32365998,110,900,0,2,,,0.0,0.22222222222222221,
2020-03-20,Malaysia,32365998,130,1030,1,3,,,0.76923076923076927,0.29126213592233008,
2020-03-21,Malaysia,32365998,153,1183,5,8,,,3.2679738562091507,0.67624683009298392,
2020-03-22,Malaysia,32365998,123,1306,2,10,,,1.6260162601626018,0.76569678407350694,
2020-03-23,Malaysia,32365998,212,1518,4,14,,,1.8867924528301887,0.922266139657444,
2020-03-24,Malaysia,32365998,106,1624,2,16,,,1.8867924528301887,0.98522167487684731,
2020-03-25,Malaysia,32365998,172,1796,4,20,,,2.3255813953488373,1.1135857461024499,
2020-03-26,Malaysia,32365998,235,2031,3,23,,,1.2765957446808509,1.1324470704086658,
2020-03-27,Malaysia,32365998,130,2161,3,26,,,2.3076923076923079,1.2031466913465989,
2020-03-28,Malaysia,32365998,159,2320,1,27,,,0.628930817610063,1.163793103448276,
2020-03-29,Malaysia,32365998,150,2470,8,35,,,5.3333333333333339,1.417004048582996,
2020-03-30,Malaysia,32365998,156,2626,2,37,,,1.2820512820512819,1.408987052551409,
2020-03-31,Malaysia,32365998,140,2766,6,43,,,4.2857142857142856,1.5545914678235719,
2020-04-01,Malaysia,32365998,142,2908,2,45,,,1.4084507042253522,1.5474552957359009,
2020-04-02,Malaysia,32365998,208,3116,5,50,,,2.4038461538461542,1.6046213093709885,
2020-04-03,Malaysia,32365998,217,3333,3,53,,,1.3824884792626728,1.5901590159015901,
2020-04-04,Malaysia,32365998,150,3483,4,57,,,2.666666666666667,1.6365202411714039,
2020-04-05,Malaysia,32365998,179,3662,4,61,,,2.2346368715083798,1.6657564172583288,
2020-04-06,Malaysia,32365998,131,3793,1,62,,,0.76335877862595414,1.6345900342736621,
2020-04-07,Malaysia,32365998,170,3963,1,63,,,0.58823529411764708,1.5897047691143074,
2020-04-08,Malaysia,32365998,156,4119,2,65,,,1.2820512820512819,1.5780529254673463,
2020-04-09,Malaysia,32365998,109,4228,2,67,,,1.834862385321101,1.5846736045411542,
2020-04-10,Malaysia,32365998,118,4346,3,70,,,2.5423728813559325,1.6106764841233319,
2020-04-11,Malaysia,32365998,184,4530,3,73,,,1.6304347826086956,1.6114790286975718,
2020-04-12,Malaysia,32365998,153,4683,3,76,,,1.9607843137254901,1.6228913089899637,
2020-04-13,Malaysia,32365998,134,4817,1,77,,,0.74626865671641784,1.5985052937512976,
2020-04-14,Malaysia,32365998,170,4987,5,82,,,2.9411764705882351,1.6442751152997794,
2020-04-15,Malaysia,32365998,85,5072,1,83,,,1.1764705882352942,1.6364353312302837,
2020-04-16,Malaysia,32365998,110,5182,1,84,,,0.90909090909090906,1.6209957545349287,
2020-04-17,Malaysia,32365998,69,5251,2,86,,,2.8985507246376812,1.6377832793753573,
2020-04-18,Malaysia,32365998,54,5305,2,88,,,3.7037037037037033,1.6588124410933083,
2020-04-19,Malaysia,32365998,84,5389,1,89,,,1.1904761904761905,1.6515123399517537,
2020-04-20,Malaysia,32365998,36,5425,0,89,,,0.0,1.6405529953917051,
2020-04-21,Malaysia,32365998,57,5482,3,92,,,5.2631578947368416,1.6782196278730388,
2020-04-22,Malaysia,32365998,50,5532,1,93,,,2.0,1.6811279826464207,
2020-04-23,Malaysia,32365998,71,5603,2,95,,,2.8169014084507045,1.6955202570051759,
2020-04-24,Malaysia,32365998,88,5691,1,96,,,1.1363636363636365,1.6868740115972589,
2020-04-25,Malaysia,32365998,51,5742,2,98,,,3.9215686274509802,1.7067223963775686,
2020-04-26,Malaysia,32365998,38,5780,0,98,,,0.0,1.6955017301038062,
2020-04-27,Malaysia,32365998,40,5820,1,99,,,2.5,1.7010309278350515,
2020-04-28,Malaysia,32365998,31,5851,1,100,,,3.225806451612903,1.7091095539224066,
2020-04-29,Malaysia,32365998,94,5945,0,100,,,0.0,1.6820857863751051,
2020-04-30,Malaysia,32365998,57,6002,2,102,,,3.5087719298245612,1.6994335221592802,
2020-05-01,Malaysia,32365998,69,6071,1,103,,,1.4492753623188406,1.696590347553945,
2020-05-02,Malaysia,32365998,105,6176,0,103,,,0.0,1.6677461139896372,
2020-05-03,Malaysia,32365998,122,6298,2,105,,,1.639344262295082,1.6671959352175292,
2020-05-04,Malaysia,32365998,55,6353,0,105,,,0.0,1.6527624744215332,
2020-05-05,Malaysia,32365998,30,6383,1,106,,,3.3333333333333335,1.6606611311295629,
2020-05-06,Malaysia,32365998,45,6428,1,107,,,2.2222222222222223,1.6645924082140633,
2020-05-07,Malaysia,32365998,39,6467,0,107,,,0.0,1.6545538889747951,
2020-05-08,Malaysia,32365998,68,6535,0,107,,,0.0,1.6373374139250192,
2020-05-09,Malaysia,32365998,54,6589,1,108,,,1.8518518518518516,1.6390954621338594,
2020-05-10,Malaysia,32365998,67,6656,0,108,,,0.0,1.622596153846154,
2020-05-11,Malaysia,32365998,70,6726,1,109,,,1.4285714285714286,1.6205768658935475,
2020-05-12,Malaysia,32365998,16,6742,0,109,,,0.0,1.6167309403737764,
2020-05-13,Malaysia,32365998,37,6779,2,111,,,5.4054054054054053,1.6374096474406254,
2020-05-14,Malaysia,32365998,40,6819,1,112,,,2.5,1.6424695703182286,
2020-05-15,Malaysia,32365998,36,6855,0,112,,,0.0,1.6338439095550692,
2020-05-16,Malaysia,32365998,17,6872,1,113,,,5.88235294117647,1.6443538998835856,
2020-05-17,Malaysia,32365998,22,6894,0,113,,,0.0,1.6391064693936757,
2020-05-18,Malaysia,32365998,47,6941,0,113,,,0.0,1.6280074917158909,
2020-05-19,Malaysia,32365998,37,6978,1,114,,,2.7027027027027026,1.633705932932072,
2020-05-20,Malaysia,32365998,31,7009,0,114,,,0.0,1.6264802396918248,
2020-05-21,Malaysia,32365998,50,7059,1,115,,,2.0,1.6291259385182038,
2020-05-22,Malaysia,32365998,78,7137,0,115,,,0.0,1.6113212834524309,
2020-05-23,Malaysia,32365998,48,7185,0,115,,,0.0,1.6005567153792624,
2020-05-24,Malaysia,32365998,60,7245,0,115,,,0.0,1.5873015873015872,
2020-05-25,Malaysia,32365998,172,7417,0,115,,,0.0,1.5504921127140354,
2020-05-26,Malaysia,32365998,187,7604,0,115,,,0.0,1.5123619147816938,
2020-05-27,Malaysia,32365998,15,7619,0,115,,,0.0,1.5093844336527102,
2020-05-28,Malaysia,32365998,10,7629,0,115,,,0.0,1.507405950976537,
2020-05-29,Malaysia,32365998,103,7732,0,115,,,0.0,1.4873254009311951,
2020-05-30,Malaysia,32365998,30,7762,0,115,,,0.0,1.4815769131667096,
2020-05-31,Malaysia,32365998,57,7819,0,115,,,0.0,1.4707763141066632,
2020-06-01,Malaysia,32365998,38,7857,0,115,,,0.0,1.4636629756904671,
2020-06-02,Malaysia,32365998,20,7877,0,115,,,0.0,1.4599466802082011,
2020-06-03,Malaysia,32365998,93,7970,0,115,,,0.0,1.4429109159347553,
2020-06-04,Malaysia,32365998,277,8247,0,115,,,0.0,1.3944464653813509,
2020-06-05,Malaysia,32365998,19,8266,1,116,,,5.2631578947368416,1.4033389789499153,
2020-06-06,Malaysia,32365998,37,8303,1,117,,,2.7027027027027026,1.4091292303986511,
2020-06-07,Malaysia,32365998,19,8322,0,117,,,0.0,1.40591204037491,
2020-06-08,Malaysia,32365998,7,8329,0,117,,,0.0,1.4047304598391164,
2020-06-09,Malaysia,32365998,7,8336,0,117,,,0.0,1.4035508637236083,
2020-06-10,Malaysia,32365998,2,8338,1,118,,,50.0,1.4152074838090669,
2020-06-11,Malaysia,32365998,31,8369,0,118,,,0.0,1.4099653483092365,
2020-06-12,Malaysia,32365998,33,8402,1,119,,,3.0303030303030303,1.41632944537015,
2020-06-13,Malaysia,32365998,43,8445,1,120,,,2.3255813953488373,1.4209591474245116,
2020-06-14,Malaysia,32365998,8,8453,1,121,,,12.5,1.4314444575890217,
2020-06-15,Malaysia,32365998,41,8494,0,121,,,0.0,1.4245349658582529,
2020-06-16,Malaysia,32365998,11,8505,0,121,,,0.0,1.4226925338036449,
2020-06-17,Malaysia,32365998,10,8515,0,121,,,0.0,1.4210217263652378,
2020-06-18,Malaysia,32365998,14,8529,0,121,,,0.0,1.4186891780982531,
2020-06-19,Malaysia,32365998,6,8535,0,121,,,0.0,1.4176918570591681,
2020-06-20,Malaysia,32365998,21,8556,0,121,,,0.0,1.4142122487143525,
2020-06-21,Malaysia,32365998,16,8572,0,121,,,0.0,1.4115725618292114,
2020-06-22,Malaysia,32365998,15,8587,0,121,,,0.0,1.4091067893327123,
2020-06-23,Malaysia,32365998,3,8590,0,121,,,0.0,1.4086146682188592,
2020-06-24,Malaysia,32365998,6,8596,0,121,,,0.0,1.4076314564913914,
2020-06-25,Malaysia,32365998,4,8600,0,121,,,0.0,1.4069767441860466,
2020-06-26,Malaysia,32365998,6,8606,0,121,,,0.0,1.4059958168719497,
2020-06-27,Malaysia,32365998,10,8616,0,121,,,0.0,1.404363974001857,
2020-06-28,Malaysia,32365998,18,8634,0,121,,,0.0,1.4014361825341672,
2020-06-29,Malaysia,32365998,3,8637,0,121,,,0.0,1.4009494037281462,
2020-06-30,Malaysia,32365998,2,8639,0,121,,,0.0,1.4006250723463363,
2020-07-01,Malaysia,32365998,1,8640,0,121,,,0.0,1.4004629629629628,
2020-07-02,Malaysia,32365998,3,8643,0,121,,,0.0,1.3999768598866136,
2020-07-03,Malaysia,32365998,5,8648,0,121,,,0.0,1.3991674375578169,
2020-07-04,Malaysia,32365998,10,8658,0,121,,,0.0,1.3975513975513976,
2020-07-05,Malaysia,32365998,5,8663,0,121,,,0.0,1.3967447766362691,
2020-07-06,Malaysia,32365998,5,8668,0,121,,,0.0,1.3959390862944163,
2020-07-07,Malaysia,32365998,6,8674,0,121,,,0.0,1.394973483975098,
2020-07-08,Malaysia,32365998,3,8677,0,121,,,0.0,1.3944911835887979,
2020-07-09,Malaysia,32365998,12,8689,0,121,,,0.0,1.3925653124640349,
2020-07-10,Malaysia,32365998,8,8697,0,121,,,0.0,1.3912843509256065,
2020-07-11,Malaysia,32365998,9,8706,1,122,,,11.111111111111111,1.401332414426832,
2020-07-12,Malaysia,32365998,12,8718,0,122,,,0.0,1.3994035329203947,
2020-07-13,Malaysia,32365998,7,8725,0,122,,,0.0,1.3982808022922635,
2020-07-14,Malaysia,32365998,4,8729,0,122,,,0.0,1.3976400504066904,
2020-07-15,Malaysia,32365998,5,8734,0,122,,,0.0,1.396839935882757,
2020-07-16,Malaysia,32365998,3,8737,0,122,,,0.0,1.3963603067414443,
2020-07-17,Malaysia,32365998,18,8755,0,122,,,0.0,1.3934894346087949,
2020-07-18,Malaysia,32365998,9,8764,0,122,,,0.0,1.3920584208124145,
2020-07-19,Malaysia,32365998,15,8779,1,123,,,6.666666666666667,1.4010707369859894,
2020-07-20,Malaysia,32365998,21,8800,0,123,,,0.0,1.3977272727272727,
2020-07-21,Malaysia,32365998,15,8815,0,123,,,0.0,1.3953488372093024,
2020-07-22,Malaysia,32365998,16,8831,0,123,,,0.0,1.3928207451024799,
2020-07-23,Malaysia,32365998,9,8840,0,123,,,0.0,1.3914027149321266,
2020-07-24,Malaysia,32365998,21,8861,0,123,,,0.0,1.388105180002257,
2020-07-25,Malaysia,32365998,23,8884,0,123,,,0.0,1.384511481314723,
2020-07-26,Malaysia,32365998,13,8897,1,124,,,7.6923076923076925,1.3937282229965158,
2020-07-27,Malaysia,32365998,7,8904,0,124,,,0.0,1.3926325247079965,
2020-07-28,Malaysia,32365998,39,8943,0,124,,,0.0,1.3865593201386559,
2020-07-29,Malaysia,32365998,13,8956,0,124,,,0.0,1.3845466726217062,
2020-07-30,Malaysia,32365998,8,8964,0,124,,,0.0,1.3833110218652387,
2020-07-31,Malaysia,32365998,12,8976,1,125,,,8.3333333333333321,1.392602495543672,
2020-08-01,Malaysia,32365998,9,8985,0,125,,,0.0,1.3912075681691707,
2020-08-02,Malaysia,32365998,14,8999,0,125,,,0.0,1.3890432270252251,
2020-08-03,Malaysia,32365998,2,9001,0,125,,,0.0,1.3887345850461059,
2020-08-04,Malaysia,32365998,1,9002,0,125,,,0.0,1.3885803154854477,
2020-08-05,Malaysia,32365998,21,9023,0,125,,,0.0,1.3853485536961099,
2020-08-06,Malaysia,32365998,15,9038,0,125,,,0.0,1.3830493472007082,
2020-08-07,Malaysia,32365998,25,9063,0,125,,,0.0,1.3792342491448748,
2020-08-08,Malaysia,32365998,7,9070,0,125,,,0.0,1.3781697905181918,
2020-08-09,Malaysia,32365998,13,9083,0,125,,,0.0,1.37619729164373,
2020-08-10,Malaysia,32365998,11,9094,0,125,,,0.0,1.3745326588959752,
2020-08-11,Malaysia,32365998,9,9103,0,125,,,0.0,1.3731736790069207,
2020-08-12,Malaysia,32365998,12,9115,0,125,,,0.0,1.3713658804168951,
2020-08-13,Malaysia,32365998,15,9130,0,125,,,0.0,1.3691128148959473,
2020-08-14,Malaysia,32365998,19,9149,0,125,,,0.0,1.3662695376543885,
2020-08-15,Malaysia,32365998,26,9175,0,125,,,0.0,1.3623978201634876,
2020-08-16,Malaysia,32365998,25,9200,0,125,,,0.0,1.3586956521739131,
2020-08-17,Malaysia,32365998,15,9215,0,125,,,0.0,1.3564839934888768,
2020-08-18,Malaysia,32365998,4,9219,0,125,,,0.0,1.3558954333441806,
2020-08-19,Malaysia,32365998,16,9235,0,125,,,0.0,1.353546291283162,
2020-08-20,Malaysia,32365998,5,9240,0,125,,,0.0,1.3528138528138527,
2020-08-21,Malaysia,32365998,9,9249,0,125,,,0.0,1.3514974591847768,
2020-08-22,Malaysia,32365998,8,9257,0,125,,,0.0,1.350329480393216,
2020-08-23,Malaysia,32365998,10,9267,0,125,,,0.0,1.3488723427214848,
2020-08-24,Malaysia,32365998,7,9274,0,125,,,0.0,1.3478542160879878,
2020-08-25,Malaysia,32365998,11,9285,0,125,,,0.0,1.3462574044157243,
2020-08-26,Malaysia,32365998,6,9291,0,125,,,0.0,1.3453880099020556,
2020-08-27,Malaysia,32365998,5,9296,0,125,,,0.0,1.3446643717728055,
2020-08-28,Malaysia,32365998,10,9306,0,125,,,0.0,1.3432194283258112,
2020-08-29,Malaysia,32365998,11,9317,1,126,,,9.0909090909090917,1.35236664162284,
2020-08-30,Malaysia,32365998,17,9334,1,127,,,5.88235294117647,1.3606170987786586,
2020-08-31,Malaysia,32365998,6,9340,0,127,,,0.0,1.3597430406852249,
2020-09-01,Malaysia,32365998,14,9354,1,128,,,7.1428571428571423,1.3683985460765447,
2020-09-02,Malaysia,32365998,6,9360,0,128,,,0.0,1.3675213675213675,
2020-09-03,Malaysia,32365998,14,9374,0,128,,,0.0,1.3654789844250055,
2020-09-04,Malaysia,32365998,11,9385,0,128,,,0.0,1.3638785295684603,
2020-09-05,Malaysia,32365998,6,9391,0,128,,,0.0,1.3630071344904695,
2020-09-06,Malaysia,32365998,6,9397,0,128,,,0.0,1.3621368521868682,
2020-09-07,Malaysia,32365998,62,9459,0,128,,,0.0,1.3532085844169575,
2020-09-08,Malaysia,32365998,100,9559,0,128,,,0.0,1.3390522021131916,
2020-09-09,Malaysia,32365998,24,9583,0,128,,,0.0,1.3356986329959302,
2020-09-10,Malaysia,32365998,45,9628,0,128,,,0.0,1.3294557540506855,
2020-09-11,Malaysia,32365998,182,9810,0,128,,,0.0,1.3047910295616718,
2020-09-12,Malaysia,32365998,58,9868,0,128,,,0.0,1.2971220105391164,
2020-09-13,Malaysia,32365998,47,9915,0,128,,,0.0,1.2909732728189611,
2020-09-14,Malaysia,32365998,31,9946,0,128,,,0.0,1.2869495274482203,
2020-09-15,Malaysia,32365998,23,9969,0,128,,,0.0,1.2839803390510582,
2020-09-16,Malaysia,32365998,62,10031,0,128,,,0.0,1.2760442627853652,
2020-09-17,Malaysia,32365998,21,10052,0,128,,,0.0,1.2733784321528054,
2020-09-18,Malaysia,32365998,95,10147,1,129,,,1.0526315789473684,1.2713117177490885,
2020-09-19,Malaysia,32365998,20,10167,1,130,,,5.0,1.2786466017507623,
2020-09-20,Malaysia,32365998,52,10219,0,130,,,0.0,1.2721401311282905,
2020-09-21,Malaysia,32365998,57,10276,0,130,,,0.0,1.26508369015181,
2020-09-22,Malaysia,32365998,82,10358,0,130,,,0.0,1.2550685460513613,
2020-09-23,Malaysia,32365998,147,10505,3,133,,,2.0408163265306123,1.2660637791527845,
2020-09-24,Malaysia,32365998,71,10576,0,133,,,0.0,1.2575642965204237,
2020-09-25,Malaysia,32365998,111,10687,0,133,,,0.0,1.2445026667914287,
2020-09-26,Malaysia,32365998,82,10769,0,133,,,0.0,1.2350264648528182,
2020-09-27,Malaysia,32365998,150,10919,1,134,,,0.66666666666666674,1.2272186097627988,
2020-09-28,Malaysia,32365998,115,11034,0,134,,,0.0,1.2144281312307414,
2020-09-29,Malaysia,32365998,101,11135,0,134,,,0.0,1.2034126627750337,
2020-09-30,Malaysia,32365998,89,11224,2,136,,,2.2471910112359552,1.2116892373485388,
2020-10-01,Malaysia,32365998,260,11484,0,136,,,0.0,1.1842563566701496,
2020-10-02,Malaysia,32365998,287,11771,0,136,,,0.0,1.1553818706991759,
2020-10-03,Malaysia,32365998,317,12088,2,138,,,0.63091482649842268,1.1416280608868299,
2020-10-04,Malaysia,32365998,293,12381,0,138,,,0.0,1.1146110976496244,
2020-10-05,Malaysia,32365998,432,12813,0,138,,,0.0,1.0770311402481854,
2020-10-06,Malaysia,32365998,691,13504,4,142,,,0.57887120115774238,1.0515402843601895,
2020-10-07,Malaysia,32365998,489,13993,3,145,,,0.61349693251533743,1.0362324019152434,
2020-10-08,Malaysia,32365998,375,14368,3,148,,,0.8,1.0300668151447661,
2020-10-09,Malaysia,32365998,354,14722,4,152,,,1.1299435028248588,1.0324684146175791,
2020-10-10,Malaysia,32365998,374,15096,3,155,,,0.80213903743315518,1.0267620561738209,
2020-10-11,Malaysia,32365998,561,15657,2,157,,,0.35650623885918004,1.0027463754231334,
2020-10-12,Malaysia,32365998,563,16220,2,159,,,0.35523978685612789,0.98027127003699133,
2020-10-13,Malaysia,32365998,660,16880,4,163,,,0.60606060606060608,0.96563981042654035,
2020-10-14,Malaysia,32365998,660,17540,4,167,,,0.60606060606060608,0.95210946408209807,
2020-10-15,Malaysia,32365998,589,18129,3,170,,,0.50933786078098475,0.93772408847702571,
2020-10-16,Malaysia,32365998,629,18758,6,176,,,0.95389507154213027,0.93826633969506346,
2020-10-17,Malaysia,32365998,869,19627,4,180,,,0.46029919447640966,0.91710398940235394,
2020-10-18,Malaysia,32365998,871,20498,7,187,,,0.80367393800229625,0.91228412528051517,
2020-10-19,Malaysia,32365998,865,21363,3,190,,,0.34682080924855491,0.88938819454196516,
2020-10-20,Malaysia,32365998,862,22225,3,193,,,0.34802784222737815,0.86839145106861648,
2020-10-21,Malaysia,32365998,732,22957,6,199,,,0.819672131147541,0.86683800148102974,
2020-10-22,Malaysia,32365998,847,23804,5,204,,,0.59031877213695394,0.85699882372710467,
2020-10-23,Malaysia,32365998,710,24514,10,214,,,1.4084507042253522,0.872970547442278,
2020-10-24,Malaysia,32365998,1228,25742,7,221,,,0.57003257328990231,0.85851915158107373,
2020-10-25,Malaysia,32365998,823,26565,8,229,,,0.97205346294046169,0.86203651421042726,
2020-10-26,Malaysia,32365998,1240,27805,7,236,,,0.564516129032258,0.84876820715698609,
2020-10-27,Malaysia,32365998,835,28640,2,238,,,0.23952095808383234,0.83100558659217871,
2020-10-28,Malaysia,32365998,801,29441,8,246,,,0.99875156054931336,0.83556944397269117,
2020-10-29,Malaysia,32365998,649,30090,0,246,,,0.0,0.81754735792622135,
2020-10-30,Malaysia,32365998,799,30889,3,249,,,0.37546933667083854,0.80611220822946683,
2020-10-31,Malaysia,32365998,659,31548,0,249,,,0.0,0.78927348801825781,
2020-11-01,Malaysia,32365998,957,32505,0,249,,,0.0,0.76603599446239035,
2020-11-02,Malaysia,32365998,834,33339,2,251,,,0.23980815347721821,0.75287201175800122,
2020-11-03,Malaysia,32365998,1054,34393,12,263,,,1.1385199240986716,0.76469048934376183,
2020-11-04,Malaysia,32365998,1032,35425,8,271,,,0.77519379844961245,0.7649964714184897,
2020-11-05,Malaysia,32365998,1009,36434,6,277,,,0.59464816650148666,0.760278860405116,
2020-11-06,Malaysia,32365998,1755,38189,2,279,,,0.11396011396011395,0.73057686768441166,
2020-11-07,Malaysia,32365998,1168,39357,3,282,,,0.25684931506849312,0.71651802728866532,
2020-11-08,Malaysia,32365998,852,40209,4,286,,,0.46948356807511737,0.71128354348528933,
2020-11-09,Malaysia,32365998,972,41181,8,294,,,0.823045267489712,0.71392146863844974,
2020-11-10,Malaysia,32365998,869,42050,6,300,,,0.69044879171461448,0.713436385255648,
2020-11-11,Malaysia,32365998,822,42872,2,302,,,0.24330900243309003,0.70442246687814891,
2020-11-12,Malaysia,32365998,919,43791,1,303,,,0.1088139281828074,0.69192299787627587,
2020-11-13,Malaysia,32365998,1304,45095,1,304,,,0.076687116564417179,0.67413238718261448,
2020-11-14,Malaysia,32365998,1114,46209,2,306,,,0.17953321364452424,0.66220866065052264,
2020-11-15,Malaysia,32365998,1208,47417,3,309,,,0.24834437086092717,0.6516650146571904,
2020-11-16,Malaysia,32365998,1103,48520,4,313,,,0.36264732547597461,0.64509480626545757,
2020-11-17,Malaysia,32365998,1210,49730,5,318,,,0.41322314049586778,0.63945304645083445,
2020-11-18,Malaysia,32365998,660,50390,4,322,,,0.60606060606060608,0.639015677713832,
2020-11-19,Malaysia,32365998,1290,51680,4,326,,,0.31007751937984496,0.63080495356037158,
2020-11-20,Malaysia,32365998,958,52638,3,329,,,0.31315240083507306,0.62502374710285347,
2020-11-21,Malaysia,32365998,1041,53679,3,332,,,0.28818443804034583,0.6184914025969187,
2020-11-22,Malaysia,32365998,1096,54775,3,335,,,0.27372262773722628,0.611592879963487,
2020-11-23,Malaysia,32365998,1884,56659,2,337,,,0.10615711252653928,0.59478635344781938,
2020-11-24,Malaysia,32365998,2188,58847,4,341,,,0.18281535648994515,0.57946879195201118,
2020-11-25,Malaysia,32365998,970,59817,4,345,,,0.41237113402061859,0.57675911530167012,
2020-11-26,Malaysia,32365998,935,60752,3,348,,,0.32085561497326204,0.57282064787990516,
2020-11-27,Malaysia,32365998,1109,61861,2,350,,,0.18034265103697023,0.56578458156188871,
2020-11-28,Malaysia,32365998,1315,63176,4,354,,,0.30418250950570341,0.56033936938077755,
2020-11-29,Malaysia,32365998,1309,64485,3,357,,,0.22918258212375861,0.55361712026052567,
2020-11-30,Malaysia,32365998,1212,65697,3,360,,,0.24752475247524752,0.54797022695100228,
2020-12-01,Malaysia,32365998,1472,67169,3,363,,,0.20380434782608695,0.54042787595468145,
2020-12-02,Malaysia,32365998,851,68020,2,365,,,0.23501762632197415,0.53660688032931492,
2020-12-03,Malaysia,32365998,1075,69095,11,376,,,1.0232558139534882,0.54417830523192712,
2020-12-04,Malaysia,32365998,1141,70236,0,376,,,0.0,0.5353380033031494,
2020-12-05,Malaysia,32365998,1123,71359,4,380,,,0.3561887800534283,0.53251867318768487,
2020-12-06,Malaysia,32365998,1335,72694,2,382,,,0.149812734082397,0.5254904118634276,
2020-12-07,Malaysia,32365998,1600,74294,2,384,,,0.125,0.51686542654857726,
2020-12-08,Malaysia,32365998,1012,75306,4,388,,,0.39525691699604742,0.51523119007781581,
2020-12-09,Malaysia,32365998,959,76265,5,393,,,0.52137643378519283,0.5153084639087393,
2020-12-10,Malaysia,32365998,2234,78499,3,396,,,0.13428827215756492,0.50446502503216606,
2020-12-11,Malaysia,32365998,1810,80309,6,402,,,0.33149171270718231,0.5005665616556052,
2020-12-12,Malaysia,32365998,1937,82246,9,411,,,0.46463603510583373,0.49972035114169683,
2020-12-13,Malaysia,32365998,1229,83475,4,415,,,0.32546786004882017,0.49715483677747829,
2020-12-14,Malaysia,32365998,1371,84846,4,419,,,0.29175784099197666,0.49383589090823377,
2020-12-15,Malaysia,32365998,1772,86618,3,422,,,0.16930022573363432,0.48719665658408179,
2020-12-16,Malaysia,32365998,1295,87913,7,429,,,0.54054054054054057,0.48798243718221423,
2020-12-17,Malaysia,32365998,1220,89133,3,432,,,0.24590163934426232,0.48466897781966273,
2020-12-18,Malaysia,32365998,1683,90816,0,432,,,0.0,0.47568710359408034,
2020-12-19,Malaysia,32365998,1153,91969,1,433,,,0.086730268863833476,0.47081081668823188,
2020-12-20,Malaysia,32365998,1340,93309,4,437,,,0.29850746268656719,0.46833638770107922,
2020-12-21,Malaysia,32365998,2018,95327,1,438,,,0.049554013875123884,0.45947108374332557,
2020-12-22,Malaysia,32365998,2062,97389,1,439,,,0.04849660523763337,0.45076959410200329,
2020-12-23,Malaysia,32365998,1348,98737,5,444,,,0.370919881305638,0.44967945147209248,
2020-12-24,Malaysia,32365998,1581,100318,2,446,,,0.1265022137887413,0.444586215833649,
2020-12-25,Malaysia,32365998,1247,101565,3,449,,,0.24057738572574178,0.44208142568798303,
2020-12-26,Malaysia,32365998,2335,103900,2,451,,,0.085653104925053528,0.43407122232916268,
2020-12-27,Malaysia,32365998,1196,105096,1,452,,,0.083612040133779264,0.43008297175915355,
2020-12-28,Malaysia,32365998,1596,106692,3,455,,,0.18796992481203006,0.426461215461328,
2020-12-29,Malaysia,32365998,1923,108615,2,457,,,0.10400416016640666,0.42075219813101317,
2020-12-30,Malaysia,32365998,1870,110485,6,463,,,0.32085561497326204,0.41906141105127392,
2020-12-31,Malaysia,32365998,2525,113010,8,471,,,0.31683168316831684,0.41677727634722594,
2021-01-01,Malaysia,32365998,2068,115078,3,474,,,0.14506769825918764,0.41189454109386675,
2021-01-02,Malaysia,32365998,2295,117373,9,483,,,0.39215686274509803,0.41150860930537692,
2021-01-03,Malaysia,32365998,1704,119077,11,494,,,0.64553990610328638,0.41485761314107678,
2021-01-04,Malaysia,32365998,1741,120818,7,501,,,0.402067777139575,0.41467331026833754,
2021-01-05,Malaysia,32365998,2027,122845,8,509,,,0.39467192895905284,0.4143432781146974,
2021-01-06,Malaysia,32365998,2593,125438,4,513,,,0.15426147319706904,0.40896697970312029,
2021-01-07,Malaysia,32365998,3410,128848,8,521,,,0.23460410557184752,0.40435241524897558,
2021-01-08,Malaysia,32365998,2260,131108,16,537,,,0.70796460176991149,0.40958599017603808,
2021-01-09,Malaysia,32365998,2451,133559,5,542,,,0.2039983680130559,0.40581316122462729,
2021-01-10,Malaysia,32365998,2433,135992,9,551,,,0.36991368680641185,0.40517089240543558,
2021-01-11,Malaysia,32365998,2232,138224,4,555,,,0.17921146953405018,0.40152216691746734,
2021-01-12,Malaysia,32365998,3309,141533,4,559,,,0.12088244182532487,0.39496089251270022,
2021-01-13,Malaysia,32365998,2985,144518,4,563,,,0.13400335008375211,0.3895708493059688,
2021-01-14,Malaysia,32365998,3337,147855,15,578,,,0.4495055439017081,0.39092353995468537,
2021-01-15,Malaysia,32365998,3211,151066,8,586,,,0.24914356898162568,0.38790992016734405,
2021-01-16,Malaysia,32365998,4029,155095,8,594,,,0.19856043683296104,0.38299106998936139,
2021-01-17,Malaysia,32365998,3339,158434,7,601,,,0.20964360587002098,0.37933776840829619,
2021-01-18,Malaysia,32365998,3306,161740,4,605,,,0.12099213551119178,0.37405712872511437,
2021-01-19,Malaysia,32365998,3631,165371,14,619,,,0.38556871385293306,0.37430988504635032,
2021-01-20,Malaysia,32365998,4008,169379,11,630,,,0.27445109780439125,0.37194693557052527,
2021-01-21,Malaysia,32365998,3170,172549,12,642,,,0.37854889589905361,0.3720682240986618,
2021-01-22,Malaysia,32365998,3631,176180,18,660,,,0.49573120352519967,0.37461686911113634,
2021-01-23,Malaysia,32365998,4275,180455,7,667,,,0.16374269005847952,0.36962123521099444,
2021-01-24,Malaysia,32365998,3346,183801,11,678,,,0.328750747160789,0.36887720959080744,
2021-01-25,Malaysia,32365998,3048,186849,11,689,,,0.36089238845144356,0.36874695609823976,
2021-01-26,Malaysia,32365998,3585,190434,11,700,,,0.30683403068340304,0.36758141928437149,
2021-01-27,Malaysia,32365998,3680,194114,7,707,,,0.19021739130434784,0.36421896411387122,
2021-01-28,Malaysia,32365998,4094,198208,10,717,,,0.24425989252564728,0.36174120116241526,
2021-01-29,Malaysia,32365998,5725,203933,16,733,,,0.27947598253275108,0.35943177416112154,
2021-01-30,Malaysia,32365998,5728,209661,13,746,,,0.22695530726256985,0.35581247823868051,
2021-01-31,Malaysia,32365998,5298,214959,14,760,,,0.26425066062665153,0.35355579436078505,
2021-02-01,Malaysia,32365998,4214,219173,10,770,,,0.23730422401518747,0.35132064624748488,
2021-02-02,Malaysia,32365998,3455,222628,21,791,,,0.6078147612156295,0.3553012199723305,
2021-02-03,Malaysia,32365998,4284,226912,18,809,,,0.42016806722689076,0.3565258778733606,
2021-02-04,Malaysia,32365998,4571,231483,17,826,,,0.37190986654998903,0.35682965919743564,
2021-02-05,Malaysia,32365998,3391,234874,19,845,,,0.56030669419050427,0.35976736462954606,
2021-02-06,Malaysia,32365998,3847,238721,12,857,,,0.31193137509747859,0.35899648543697454,
2021-02-07,Malaysia,32365998,3731,242452,15,872,,,0.40203698740284105,0.359658819065217,
2021-02-08,Malaysia,32365998,3100,245552,24,896,,,0.77419354838709675,0.36489216133446273,
2021-02-09,Malaysia,32365998,2764,248316,13,909,,,0.47033285094066574,0.36606581935920357,
2021-02-10,Malaysia,32365998,3288,251604,14,923,,,0.42579075425790752,0.36684631404906121,
2021-02-11,Malaysia,32365998,3384,254988,13,936,,,0.38416075650118203,0.36707609769871524,
2021-02-12,Malaysia,32365998,3318,258306,17,953,,,0.51235684147076554,0.36894226227807325,
2021-02-13,Malaysia,32365998,3499,261805,5,958,,,0.14289797084881395,0.365921200893795,
2021-02-14,Malaysia,32365998,2464,264269,7,965,,,0.28409090909090912,0.36515822892582933,
2021-02-15,Malaysia,32365998,2176,266445,10,975,,,0.4595588235294118,0.36592917862973595,
2021-02-16,Malaysia,32365998,2720,269165,8,983,,,0.29411764705882354,0.3652034997120725,
2021-02-17,Malaysia,32365998,2998,272163,22,1005,,,0.733822548365577,0.36926400723096087,
2021-02-18,Malaysia,32365998,2712,274875,25,1030,,,0.92182890855457222,0.37471577989995453,
2021-02-19,Malaysia,32365998,2936,277811,13,1043,,,0.44277929155313356,0.37543509796228375,
2021-02-20,Malaysia,32365998,2461,280272,8,1051,,,0.32507110930516048,0.37499286407489868,
2021-02-21,Malaysia,32365998,3297,283569,5,1056,,,0.15165301789505611,0.37239613639008495,
2021-02-22,Malaysia,32365998,2192,285761,6,1062,,,0.27372262773722628,0.371639236984753,
2021-02-23,Malaysia,32365998,2468,288229,14,1076,,,0.5672609400324149,0.37331427441374737,
2021-02-24,Malaysia,32365998,3545,291774,12,1088,,,0.33850493653032443,0.37289134741272356,
2021-02-25,Malaysia,32365998,1924,293698,12,1100,,,0.62370062370062374,0.3745343856614618,1145
2021-02-26,Malaysia,32365998,2253,295951,11,1111,,,0.48823790501553488,0.37539998175373623,2620
2021-02-27,Malaysia,32365998,2364,298315,10,1121,,,0.4230118443316413,0.3757772824028292,3986
2021-02-28,Malaysia,32365998,2437,300752,9,1130,3,0.0,0.36930652441526468,0.37572484971006009,4665
2021-03-01,Malaysia,32365998,1828,302580,5,1135,7,0.0,0.2735229759299781,0.37510740961068151,6807
2021-03-02,Malaysia,32365998,1555,304135,6,1141,10,0.0,0.38585209003215432,0.37516234566886419,9282
2021-03-03,Malaysia,32365998,1745,305880,7,1148,15,0.0,0.40114613180515757,0.37531057931214856,11193
2021-03-04,Malaysia,32365998,2063,307943,5,1153,29,0.0,0.24236548715462916,0.37441994135278278,13821
2021-03-05,Malaysia,32365998,2154,310097,6,1159,33,0.0,0.2785515320334262,0.37375401890376236,15281
2021-03-06,Malaysia,32365998,1680,311777,7,1166,34,0.0,0.41666666666666669,0.37398525227967427,16569
2021-03-07,Malaysia,32365998,1683,313460,3,1169,36,0.0,0.17825311942959002,0.37293434569004019,17395
2021-03-08,Malaysia,32365998,1529,314989,8,1177,40,0.0,0.52321778940483976,0.37366384222941118,19051
2021-03-09,Malaysia,32365998,1280,316269,9,1186,44,0.0,0.703125,0.37499723336779767,20238
2021-03-10,Malaysia,32365998,1448,317717,5,1191,45,0.0,0.34530386740331492,0.37486190540638364,21099
2021-03-11,Malaysia,32365998,1647,319364,9,1200,45,0.0,0.546448087431694,0.37574679675855766,22089
2021-03-12,Malaysia,32365998,1575,320939,3,1203,46,0.0,0.19047619047619047,0.37483758595870242,23763
2021-03-13,Malaysia,32365998,1470,322409,3,1206,46,0.0,0.20408163265306123,0.37405903681348845,23911
2021-03-14,Malaysia,32365998,1354,323763,4,1210,46,0.0,0.29542097488921715,0.37373016681955629,23551
2021-03-15,Malaysia,32365998,1208,324971,3,1213,47,0.0,0.24834437086092717,0.37326407587138544,22591
2021-03-16,Malaysia,32365998,1063,326034,5,1218,51,0.0,0.47036688617121353,0.37358066950072694,21947
2021-03-17,Malaysia,32365998,1219,327253,2,1220,111,0.0,0.16406890894175555,0.37280024934836348,20825
2021-03-18,Malaysia,32365998,1213,328466,3,1223,904,0.0,0.24732069249793898,0.37233686287165185,19629
2021-03-19,Malaysia,32365998,1576,330042,2,1225,4684,0.01,0.12690355329949238,0.37116488204531545,17982
2021-03-20,Malaysia,32365998,1671,331713,4,1229,10734,0.03,0.23937761819269898,0.37050100538718711,17553
2021-03-21,Malaysia,32365998,1327,333040,4,1233,16523,0.05,0.30143180105501133,0.37022579870285854,18342
2021-03-22,Malaysia,32365998,1116,334156,5,1238,31046,0.1,0.4480286738351254,0.37048564143693363,18913
2021-03-23,Malaysia,32365998,1384,335540,6,1244,51858,0.16,0.43352601156069359,0.37074566370626455,19436
2021-03-24,Malaysia,32365998,1268,336808,2,1246,74589,0.23,0.15772870662460567,0.36994370680031352,20606
2021-03-25,Malaysia,32365998,1360,338168,2,1248,93889,0.29,0.14705882352941177,0.36904733741808804,21697
2021-03-26,Malaysia,32365998,1275,339443,1,1249,106623,0.33,0.0784313725490196,0.36795573925519159,22007
2021-03-27,Malaysia,32365998,1199,340642,2,1251,120885,0.37,0.16680567139282734,0.36724772635200592,22320
2021-03-28,Malaysia,32365998,1302,341944,4,1255,133672,0.41,0.30721966205837176,0.36701916103221582,22457
2021-03-29,Malaysia,32365998,941,342885,5,1260,160781,0.5,0.53134962805526043,0.36747014305087711,23964
2021-03-30,Malaysia,32365998,1133,344018,5,1265,190069,0.59,0.44130626654898497,0.367713317326419,25618
2021-03-31,Malaysia,32365998,1482,345500,7,1272,217485,0.67,0.47233468286099867,0.36816208393632416,26790
2021-04-01,Malaysia,32365998,1178,346678,6,1278,243976,0.75,0.50933786078098475,0.36864179440287526,29153
2021-04-02,Malaysia,32365998,1294,347972,5,1283,266821,0.82,0.38639876352395675,0.36870782706654559,31121
2021-04-03,Malaysia,32365998,1638,349610,3,1286,281336,0.87,0.18315018315018314,0.36783844855696346,31300
2021-04-04,Malaysia,32365998,1349,350959,2,1288,290165,0.9,0.14825796886582654,0.36699443524742204,31068
2021-04-05,Malaysia,32365998,1070,352029,7,1295,309524,0.96,0.65420560747663559,0.36786742001369205,30178
2021-04-06,Malaysia,32365998,1300,353329,5,1300,331188,1.02,0.38461538461538464,0.36792904063917764,29027
2021-04-07,Malaysia,32365998,1139,354468,4,1304,349386,1.08,0.35118525021949076,0.36787523838541136,28116
2021-04-08,Malaysia,32365998,1285,355753,4,1308,364110,1.12,0.311284046692607,0.36767082779344096,25902
2021-04-09,Malaysia,32365998,1854,357607,5,1313,378420,1.17,0.26968716289104638,0.36716283517940085,24624
2021-04-10,Malaysia,32365998,1510,359117,8,1321,388422,1.2,0.5298013245033113,0.3678466906328578,24385
2021-04-11,Malaysia,32365998,1739,360856,8,1329,399097,1.23,0.46003450258769407,0.36829095262376127,25574
2021-04-12,Malaysia,32365998,1317,362173,4,1333,413010,1.28,0.30372057706909644,0.3680561499614825,27095
2021-04-13,Malaysia,32365998,1767,363940,12,1345,420691,1.3,0.6791171477079796,0.36956641204594165,25825
2021-04-14,Malaysia,32365998,1889,365829,8,1353,428383,1.32,0.42350449973530974,0.36984492754811671,25504
2021-04-15,Malaysia,32365998,2148,367977,10,1363,437530,1.35,0.46554934823091249,0.37040358500667164,25570
2021-04-16,Malaysia,32365998,2551,370528,2,1365,441453,1.36,0.078400627205017642,0.368393211849037,25288
2021-04-17,Malaysia,32365998,2331,372859,5,1370,442520,1.37,0.21450021450021448,0.36743112007488088,24443
2021-04-18,Malaysia,32365998,2195,375054,8,1378,446268,1.38,0.36446469248291574,0.36741375908535834,22542
2021-04-19,Malaysia,32365998,2078,377132,8,1386,454527,1.4,0.384985563041386,0.367510579850026,21646
2021-04-20,Malaysia,32365998,2341,379473,3,1389,465644,1.44,0.12815036309269542,0.36603394707923886,22991
2021-04-21,Malaysia,32365998,2340,381813,11,1400,477345,1.47,0.47008547008547008,0.3666716429246778,22834
2021-04-22,Malaysia,32365998,2875,384688,7,1407,492387,1.52,0.2434782608695652,0.3657509462213534,23143
2021-04-23,Malaysia,32365998,2847,387535,8,1415,499046,1.54,0.28099754127151388,0.3651283109912653,23047
2021-04-24,Malaysia,32365998,2717,390252,11,1426,502521,1.55,0.40485829959514169,0.36540491784795465,23303
2021-04-25,Malaysia,32365998,2690,392942,10,1436,508192,1.57,0.37174721189591076,0.36544833588672121,24008
2021-04-26,Malaysia,32365998,2776,395718,13,1449,517092,1.6,0.46829971181556196,0.36616984822525134,23618
2021-04-27,Malaysia,32365998,2733,398451,13,1462,528909,1.63,0.47566776436150754,0.36692090118985771,23822
2021-04-28,Malaysia,32365998,3142,401593,15,1477,542070,1.67,0.47740292807129214,0.36778529506241392,25544
2021-04-29,Malaysia,32365998,3332,404925,15,1492,548099,1.69,0.4501800720288115,0.368463295672038,23127
2021-04-30,Malaysia,32365998,3788,408713,14,1506,556954,1.72,0.36958817317845827,0.368473721168644,24226
2021-05-01,Malaysia,32365998,2881,411594,15,1521,559381,1.73,0.52065255119750087,0.36953891456143678,23355
2021-05-02,Malaysia,32365998,3418,415012,12,1533,567472,1.75,0.35108250438853128,0.3693869092941891,23488
2021-05-03,Malaysia,32365998,2500,417512,18,1551,594112,1.84,0.72,0.3714863285366648,26471
2021-05-04,Malaysia,32365998,3120,420632,23,1574,613750,1.9,0.73717948717948711,0.37419882462580117,28629
2021-05-05,Malaysia,32365998,3744,424376,17,1591,636603,1.97,0.45405982905982911,0.37490338756197333,30814
2021-05-06,Malaysia,32365998,3551,427927,19,1610,655336,2.02,0.5350605463249789,0.37623239477761394,36988
2021-05-07,Malaysia,32365998,4498,432425,22,1632,670769,2.07,0.48910626945309021,0.37740648667398968,40001
2021-05-08,Malaysia,32365998,4519,436944,25,1657,679156,2.1,0.55321973888028331,0.37922479768574463,43095
2021-05-09,Malaysia,32365998,3733,440677,26,1683,685735,2.12,0.69649075810340211,0.38191237573097753,45478
2021-05-10,Malaysia,32365998,3807,444484,17,1700,710512,2.2,0.44654583661675862,0.38246596052951287,46948
2021-05-11,Malaysia,32365998,3973,448457,22,1722,728900,2.25,0.55373772967530832,0.38398330274697462,46825
2021-05-12,Malaysia,32365998,4765,453222,39,1761,736710,2.28,0.81846799580272833,0.38855130598249865,41574
2021-05-13,Malaysia,32365998,4855,458077,27,1788,736717,2.28,0.5561277033985581,0.39032739037323422,33636
2021-05-14,Malaysia,32365998,4113,462190,34,1822,736724,2.28,0.82664721614393377,0.39421017330535058,26839
2021-05-15,Malaysia,32365998,4140,466330,44,1866,737313,2.28,1.0628019323671498,0.40014581948405631,24540
2021-05-16,Malaysia,32365998,3780,470110,36,1902,737639,2.28,0.95238095238095244,0.40458616068579695,21388
2021-05-17,Malaysia,32365998,4446,474556,45,1947,765725,2.37,1.0121457489878543,0.41027823902763844,21264
2021-05-18,Malaysia,32365998,4865,479421,47,1994,797985,2.47,0.96608427543679343,0.41591836819830591,25411
2021-05-19,Malaysia,32365998,6075,485496,46,2040,831988,2.57,0.757201646090535,0.42018883780710858,34829
2021-05-20,Malaysia,32365998,6806,492302,59,2099,853879,2.64,0.86688216279753161,0.42636430483727467,46376
2021-05-21,Malaysia,32365998,6493,498795,50,2149,872631,2.7,0.7700600646850454,0.43083832035204839,55067
2021-05-22,Malaysia,32365998,6320,505115,50,2199,875786,2.71,0.79113924050632911,0.43534640626392007,60128
2021-05-23,Malaysia,32365998,6976,512091,49,2248,884140,2.73,0.70240825688073394,0.43898447736828022,65267
2021-05-24,Malaysia,32365998,6509,518600,61,2309,910126,2.81,0.937163926870487,0.44523717701504051,70268
2021-05-25,Malaysia,32365998,7289,525889,60,2369,940796,2.91,0.823158183564275,0.45047529041299594,73457
2021-05-26,Malaysia,32365998,7478,533367,63,2432,942693,2.91,0.842471248997058,0.45597121681693842,64623
2021-05-27,Malaysia,32365998,7857,541224,59,2491,992127,3.07,0.75092274404989179,0.46025305603594813,68505
2021-05-28,Malaysia,32365998,8290,549514,61,2552,1019528,3.15,0.73582629674306388,0.46441036989048506,70403
2021-05-29,Malaysia,32365998,9020,558534,98,2650,1034482,3.2,1.0864745011086474,0.47445634464508879,73203
2021-05-30,Malaysia,32365998,6999,565533,79,2729,1058796,3.27,1.1287326760965852,0.48255362640199595,75537
2021-05-31,Malaysia,32365998,6824,572357,67,2796,1087352,3.36,0.9818288393903869,0.48850629939006596,75617
2021-06-01,Malaysia,32365998,7105,579462,71,2867,1111725,3.43,0.99929627023223089,0.49476928599286923,75534
2021-06-02,Malaysia,32365998,7703,587165,126,2993,1121559,3.47,1.6357263403868623,0.50973746732179193,87593
2021-06-03,Malaysia,32365998,8209,595374,103,3096,1129306,3.49,1.254720428797661,0.52000927148313492,89126
2021-06-04,Malaysia,32365998,7748,603122,86,3182,1134230,3.5,1.109963861641714,0.52758811650047588,91537
2021-06-05,Malaysia,32365998,7452,610574,109,3291,1135633,3.51,1.4626945786366077,0.53900100561111342,92585
2021-06-06,Malaysia,32365998,6241,616815,87,3378,1137204,3.51,1.3940073706136837,0.54765205126334471,95401
2021-06-07,Malaysia,32365998,5271,622086,82,3460,1142287,3.53,1.5556820337696831,0.55619319515308174,91053
2021-06-08,Malaysia,32365998,5566,627652,76,3536,1188300,3.67,1.3654329859863457,0.56336951049307582,98815
2021-06-09,Malaysia,32365998,6239,633891,75,3611,1228809,3.8,1.2021157236736655,0.56965629737604728,105926
2021-06-10,Malaysia,32365998,5671,639562,73,3684,1276022,3.94,1.2872509257626521,0.57601921314899884,111899
2021-06-11,Malaysia,32365998,6849,646411,84,3768,1306179,4.04,1.2264564169951819,0.58291087249443463,116908
2021-06-12,Malaysia,32365998,5793,652204,76,3844,1340155,4.14,1.3119281891938548,0.58938614298593683,125917
2021-06-13,Malaysia,32365998,5331,657535,64,3908,1367000,4.22,1.2005252297880322,0.594340985650954,132886
2021-06-14,Malaysia,32365998,4922,662457,60,3968,1422607,4.4,1.2190166598943519,0.5989822735664353,152368
2021-06-15,Malaysia,32365998,5419,667876,101,4069,1478522,4.57,1.8638125115334931,0.60924482987860018,161937
2021-06-16,Malaysia,32365998,5150,673026,73,4142,1486685,4.59,1.4174757281553398,0.61542941877431179,169933
2021-06-17,Malaysia,32365998,5738,678764,60,4202,1530799,4.73,1.0456605088881143,0.61906642072944351,179483
2021-06-18,Malaysia,32365998,6440,685204,74,4276,1563360,4.83,1.1490683229813665,0.62404772885155368,187777
2021-06-19,Malaysia,32365998,5911,691115,72,4348,1599466,4.94,1.2180680087971578,0.629128292686456,192633
2021-06-20,Malaysia,32365998,5293,696408,60,4408,1623621,5.02,1.1335726431135462,0.63296228647574415,194563
2021-06-21,Malaysia,32365998,4611,701019,69,4477,1678023,5.18,1.4964216005204944,0.63864174865445866,200523
2021-06-22,Malaysia,32365998,4743,705762,77,4554,1738645,5.37,1.6234450769555133,0.64526001683287,205774
2021-06-23,Malaysia,32365998,5244,711006,83,4637,1818185,5.62,1.5827612509534708,0.65217452454690961,212882
2021-06-24,Malaysia,32365998,5841,716847,84,4721,1912434,5.91,1.4381099126861838,0.65857846932469555,219752
2021-06-25,Malaysia,32365998,5812,722659,82,4803,1980339,6.12,1.410874053682037,0.66462882216923891,225047
2021-06-26,Malaysia,32365998,5803,728462,81,4884,2036297,6.29,1.395829743236257,0.67045364068407132,228660
2021-06-27,Malaysia,32365998,5586,734048,60,4944,2101703,6.49,1.0741138560687433,0.67352543702864121,233201
2021-06-28,Malaysia,32365998,5218,739266,57,5001,2144974,6.63,1.092372556535071,0.67648180763081223,228006
2021-06-29,Malaysia,32365998,6437,745703,107,5108,2229903,6.89,1.6622650302936151,0.68499120963708071,225520
2021-06-30,Malaysia,32365998,6276,751979,62,5170,2326070,7.19,0.98789037603569163,0.68751919933934325,226320
2021-07-01,Malaysia,32365998,6988,758967,84,5254,2412186,7.45,1.2020606754436176,0.69225671208366113,225354
2021-07-02,Malaysia,32365998,6982,765949,73,5327,2482028,7.67,1.0455456889143513,0.69547711401150725,227926
2021-07-03,Malaysia,32365998,6658,772607,107,5434,2560460,7.91,1.607089215980775,0.70333300112476327,231823
2021-07-04,Malaysia,32365998,6045,778652,63,5497,2640478,8.16,1.0421836228287842,0.70596363972609077,237254
2021-07-05,Malaysia,32365998,6387,785039,77,5574,2760282,8.53,1.2055738218255831,0.71002841897026769,253940
2021-07-06,Malaysia,32365998,7654,792693,103,5677,2896993,8.95,1.3457015939378103,0.716166283794609,270002
2021-07-07,Malaysia,32365998,7097,799790,91,5768,3070501,9.49,1.2822319289840778,0.721189312194451,287688
2021-07-08,Malaysia,32365998,8868,808658,135,5903,3229087,9.98,1.5223274695534508,0.72997484721600481,304657
2021-07-09,Malaysia,32365998,9180,817838,77,5980,3356699,10.37,0.83877995642701531,0.73119615376150282,320108
2021-07-10,Malaysia,32365998,9353,827191,87,6067,3471119,10.72,0.93018282903881111,0.73344608439888725,335918
2021-07-11,Malaysia,32365998,9105,836296,91,6158,3573342,11.04,0.99945085118067,0.73634215636568867,347555
2021-07-12,Malaysia,32365998,8574,844870,102,6260,3734380,11.54,1.1896431070678797,0.74094239350432611,362599
2021-07-13,Malaysia,32365998,11079,855949,125,6385,3903696,12.06,1.12826067334597,0.74595565857311585,374535
2021-07-14,Malaysia,32365998,11618,867567,118,6503,4064099,12.56,1.0156653468755379,0.7495674685643875,383266
2021-07-15,Malaysia,32365998,13215,880782,110,6613,4223718,13.05,0.83238743851683694,0.75081007559191726,395699
2021-07-16,Malaysia,32365998,12541,893323,115,6728,4356507,13.46,0.91699226536958778,0.753143040087404,405217
2021-07-17,Malaysia,32365998,12528,905851,138,6866,4486486,13.86,1.1015325670498084,0.75796129827090764,413430
2021-07-18,Malaysia,32365998,10710,916561,153,7019,4589378,14.18,1.4285714285714286,0.765797366460061,421543
2021-07-19,Malaysia,32365998,10972,927533,129,7148,4741095,14.65,1.1757200145825737,0.77064643522117271,422567
2021-07-20,Malaysia,32365998,12366,939899,93,7241,4841588,14.96,0.75206210577389621,0.77040192616440706,404102
2021-07-21,Malaysia,32365998,11985,951884,199,7440,5010015,15.48,1.6604088443888192,0.781607842972463,404462
2021-07-22,Malaysia,32365998,13034,964918,134,7574,5185245,16.02,1.0280804050943686,0.78493716564516369,410359
2021-07-23,Malaysia,32365998,15573,980491,144,7718,5348864,16.53,0.92467732614139853,0.78715663886766929,419078
2021-07-24,Malaysia,32365998,15902,996393,184,7902,5485627,16.95,1.1570871588479437,0.793060569474093,424273
2021-07-25,Malaysia,32365998,17045,1013438,92,7994,5608004,17.33,0.53974772660604287,0.78880010419976354,432553
2021-07-26,Malaysia,32365998,14516,1027954,207,8201,5802433,17.93,1.4260126756682281,0.7977983450621331,446417
2021-07-27,Malaysia,32365998,16117,1044071,207,8408,6006927,18.56,1.2843581311658498,0.80530921747658923,483778
2021-07-28,Malaysia,32365998,17405,1061476,143,8551,6208593,19.18,0.82160298764722783,0.80557638608880466,500092
2021-07-29,Malaysia,32365998,17170,1078646,174,8725,6425947,19.85,1.0133954571927781,0.80888447182857026,508331
2021-07-30,Malaysia,32365998,16840,1095486,0,8725,6628030,20.48,0.0,0.79645016002030145,516172
2021-07-31,Malaysia,32365998,17786,1113272,299,9024,6834243,21.12,1.6810974924097604,0.810583577059335,531320
2021-08-01,Malaysia,32365998,17150,1130422,0,9024,7018299,21.68,0.0,0.7982859498488174,542455
2021-08-02,Malaysia,32365998,15764,1146186,379,9403,7266510,22.45,2.4042121289012943,0.82037295866464954,534620
2021-08-03,Malaysia,32365998,17105,1163291,195,9598,7512170,23.21,1.1400175387313649,0.82507300408926043,523800
2021-08-04,Malaysia,32365998,19819,1183110,257,9855,7780068,24.04,1.2967354558756747,0.83297411060679061,514378
2021-08-05,Malaysia,32365998,20596,1203706,164,10019,8079324,24.96,0.79627112060594285,0.83234610444743151,507636
2021-08-06,Malaysia,32365998,20889,1224595,160,10179,8342196,25.77,0.76595337258844365,0.83121358489949737,497127
2021-08-07,Malaysia,32365998,19257,1243852,210,10389,8585106,26.53,1.0905125408942202,0.83522798532301279,483132
2021-08-08,Malaysia,32365998,18688,1262540,360,10749,8821649,27.26,1.9263698630136987,0.85137896621097153,470423
2021-08-09,Malaysia,32365998,17236,1279776,212,10961,9101502,28.12,1.2299837549315387,0.856478008651514,469516
2021-08-10,Malaysia,32365998,19991,1299767,201,11162,9300997,28.74,1.0054524536041218,0.858769302498063,451468
2021-08-11,Malaysia,32365998,20780,1320547,211,11373,9573155,29.58,1.0153994225216556,0.86123401893306339,451694
2021-08-12,Malaysia,32365998,21668,1342215,318,11691,9904175,30.6,1.4676019937234632,0.87102289871592853,453002
2021-08-13,Malaysia,32365998,21468,1363683,277,11968,10210600,31.55,1.290292528414384,0.87762331861583665,455769
2021-08-14,Malaysia,32365998,20670,1384353,260,12228,10495315,32.43,1.257861635220126,0.88330071881954964,457587
2021-08-15,Malaysia,32365998,20546,1404899,282,12510,10772222,33.28,1.3725299328336416,0.89045547046442475,460782
2021-08-16,Malaysia,32365998,19740,1424639,274,12784,11102866,34.3,1.3880445795339413,0.89735013571859246,465825
2021-08-17,Malaysia,32365998,19631,1444270,293,13077,11443768,35.36,1.4925373134328357,0.90544011853739259,488750
2021-08-18,Malaysia,32365998,22242,1466512,225,13302,11788315,36.42,1.0115996762881037,0.90705019802088216,492883
2021-08-19,Malaysia,32365998,22948,1489460,178,13480,12126574,37.47,0.77566672476904308,0.90502598257086453,490591
2021-08-20,Malaysia,32365998,23564,1513024,233,13713,12456216,38.49,0.98879646919029018,0.906330633221945,491927
2021-08-21,Malaysia,32365998,22262,1535286,223,13936,12766120,39.44,1.001706944569221,0.90771361166583941,494997
2021-08-22,Malaysia,32365998,19807,1555093,232,14168,13069665,40.38,1.171303074670571,0.9110709134437619,497728
2021-08-23,Malaysia,32365998,17672,1572765,174,14342,13315774,41.14,0.9846084200995926,0.91189720015386921,481836
2021-08-24,Malaysia,32365998,20837,1593602,211,14553,13580934,41.96,1.0126217785669722,0.91321421534360536,466583
